id,title,content,created_at,updated_at
1,Article 1,Du contenu pour mon premier article,2025-09-29 07:58:52,
2,Article 2,Du contenu pour mon second article,2025-09-29 07:58:52,
3,Article 1,Du contenu pour mon premier article qui vient du CSV,2027-05-09 11:00:00,
4,Article 2,Du contenu pour mon second article qui vient du CSV,2027-05-09 11:00:00,2027-05-09 11:05:00
5,Article 3,Du contenu pour mon troisième article qui vient du CSV,2027-05-09 11:00:00,
6,Article 1,Du contenu pour mon premier article qui vient du CSV,2027-05-09 11:00:00,
7,Article 2,Du contenu pour mon second article qui vient du CSV,2027-05-09 11:00:00,2027-05-09 11:05:00
8,Article 3,Du contenu pour mon troisième article qui vient du CSV,2027-05-09 11:00:00,
9,Article 1,Du contenu pour mon premier article qui vient du CSV,2027-05-09 11:00:00,
10,Article 2,Du contenu pour mon second article qui vient du CSV,2027-05-09 11:00:00,2027-05-09 11:05:00
11,Article 3,Du contenu pour mon troisième article qui vient du CSV,2027-05-09 11:00:00,
12,Article 1,Du contenu pour mon premier article qui vient du CSV,2027-05-09 11:00:00,
13,Article 2,Du contenu pour mon second article qui vient du CSV,2027-05-09 11:00:00,2027-05-09 11:05:00
14,Article 3,Du contenu pour mon troisième article qui vient du CSV,2027-05-09 11:00:00,
15,Article 1,Du contenu pour mon premier article qui vient du CSV,2027-05-09 11:00:00,
16,Article 2,Du contenu pour mon second article qui vient du CSV,2027-05-09 11:00:00,2027-05-09 11:05:00
17,Article 3,Du contenu pour mon troisième article qui vient du CSV,2027-05-09 11:00:00,
18,Article 1,Du contenu pour mon premier article qui vient du CSV,2027-05-09 11:00:00,
19,Article 2,Du contenu pour mon second article qui vient du CSV,2027-05-09 11:00:00,2027-05-09 11:05:00
20,Article 3,Du contenu pour mon troisième article qui vient du CSV,2027-05-09 11:00:00,
21,Article 1,Du contenu pour mon premier article qui vient du CSV,2027-05-09 11:00:00,
22,Article 2,Du contenu pour mon second article qui vient du CSV,2027-05-09 11:00:00,2027-05-09 11:05:00
23,Article 3,Du contenu pour mon troisième article qui vient du CSV,2027-05-09 11:00:00,
24,Article 1,Du contenu pour mon premier article qui vient du CSV,2027-05-09 11:00:00,
25,Article 2,Du contenu pour mon second article qui vient du CSV,2027-05-09 11:00:00,2027-05-09 11:05:00
26,Article 3,Du contenu pour mon troisième article qui vient du CSV,2027-05-09 11:00:00,
27,Article 1,Du contenu pour mon premier article qui vient du CSV,2027-05-09 11:00:00,
28,Article 2,Du contenu pour mon second article qui vient du CSV,2027-05-09 11:00:00,2027-05-09 11:05:00
29,Article 3,Du contenu pour mon troisième article qui vient du CSV,2027-05-09 11:00:00,
30,Article 1,Du contenu pour mon premier article qui vient du CSV,2027-05-09 11:00:00,
31,Article 2,Du contenu pour mon second article qui vient du CSV,2027-05-09 11:00:00,2027-05-09 11:05:00
32,Article 3,Du contenu pour mon troisième article qui vient du CSV,2027-05-09 11:00:00,
33,Article 1,Du contenu pour mon premier article qui vient du CSV,2027-05-09 11:00:00,
34,Article 2,Du contenu pour mon second article qui vient du CSV,2027-05-09 11:00:00,2027-05-09 11:05:00
35,Article 3,Du contenu pour mon troisième article qui vient du CSV,2027-05-09 11:00:00,
36,Article 1,Du contenu pour mon premier article qui vient du CSV,2027-05-09 11:00:00,
37,Article 2,Du contenu pour mon second article qui vient du CSV,2027-05-09 11:00:00,2027-05-09 11:05:00
38,Article 3,Du contenu pour mon troisième article qui vient du CSV,2027-05-09 11:00:00,
39,Article 1,Du contenu pour mon premier article qui vient du CSV,2027-05-09 11:00:00,
40,Article 2,Du contenu pour mon second article qui vient du CSV,2027-05-09 11:00:00,2027-05-09 11:05:00
41,Article 3,Du contenu pour mon troisième article qui vient du CSV,2027-05-09 11:00:00,
42,Article 1,Du contenu pour mon premier article qui vient du CSV,2027-05-09 11:00:00,
43,Article 2,Du contenu pour mon second article qui vient du CSV,2027-05-09 11:00:00,2027-05-09 11:05:00
44,Article 3,Du contenu pour mon troisième article qui vient du CSV,2027-05-09 11:00:00,
45,Article 1,Du contenu pour mon premier article qui vient du CSV,2027-05-09 11:00:00,
46,Article 2,Du contenu pour mon second article qui vient du CSV,2027-05-09 11:00:00,2027-05-09 11:05:00
47,Article 3,Du contenu pour mon troisième article qui vient du CSV,2027-05-09 11:00:00,
48,Article 1,Du contenu pour mon premier article qui vient du CSV,2027-05-09 11:00:00,
49,Article 2,Du contenu pour mon second article qui vient du CSV,2027-05-09 11:00:00,2027-05-09 11:05:00
50,Article 3,Du contenu pour mon troisième article qui vient du CSV,2027-05-09 11:00:00,
51,Article 1,Du contenu pour mon premier article qui vient du CSV,2027-05-09 11:00:00,
52,Article 2,Du contenu pour mon second article qui vient du CSV,2027-05-09 11:00:00,2027-05-09 11:05:00
53,Article 3,Du contenu pour mon troisième article qui vient du CSV,2027-05-09 11:00:00,
54,Article 1,Du contenu pour mon premier article qui vient du CSV,2027-05-09 11:00:00,
55,Article 2,Du contenu pour mon second article qui vient du CSV,2027-05-09 11:00:00,2027-05-09 11:05:00
56,Article 3,Du contenu pour mon troisième article qui vient du CSV,2027-05-09 11:00:00,
57,Article 1,Du contenu pour mon premier article qui vient du CSV,2027-05-09 11:00:00,
58,Article 2,Du contenu pour mon second article qui vient du CSV,2027-05-09 11:00:00,2027-05-09 11:05:00
59,Article 3,Du contenu pour mon troisième article qui vient du CSV,2027-05-09 11:00:00,
60,Article 1,Du contenu pour mon premier article qui vient du CS,2027-05-09 11:00:00,
61,Article 2,Du contenu pour mon second article qui vient du CSV,2027-05-09 11:00:00,2027-05-09 11:05:00
62,Article 3,Du contenu pour mon troisième article qui vient du CSV,2027-05-09 11:00:00,
63,Article 1,Du contenu pour mon premier article qui vient du CSV,2027-05-09 11:00:00,
64,Article 2,Du contenu pour mon second article qui vient du CSV,2027-05-09 11:00:00,2027-05-09 11:05:00
65,Article 3,Du contenu pour mon troisième article qui vient du CSV,2027-05-09 11:00:00,
66,Article 1,Du contenu pour mon premier article qui vient du CSV,2027-05-09 11:00:00,
67,Article 2,Du contenu pour mon second article qui vient du CSV,2027-05-09 11:00:00,2027-05-09 11:05:00
68,Article 3,Du contenu pour mon troisième article qui vient du CSV,2027-05-09 11:00:00,
69,Article 1,Du contenu pour mon premier article qui vient du CSV,2027-05-09 11:00:00,
70,Article 2,Du contenu pour mon second article qui vient du CSV,2027-05-09 11:00:00,2027-05-09 11:05:00
71,Article 3,Du contenu pour mon troisième article qui vient du CSV,2027-05-09 11:00:00,
72,Article 1,Du contenu pour mon premier article qui vient du CSV,2027-05-09 11:00:00,
73,Article 2,Du contenu pour mon second article qui vient du CSV,2027-05-09 11:00:00,2027-05-09 11:05:00
74,Article 3,Du contenu pour mon troisième article qui vient du CSV,2027-05-09 11:00:00,
75,Article 1,Du contenu pour mon premier article qui vient du CSV,2027-05-09 11:00:00,
76,Article 2,Du contenu pour mon second article qui vient du CSV,2027-05-09 11:00:00,2027-05-09 11:05:00
77,Article 3,Du contenu pour mon troisième article qui vient du CSV,2027-05-09 11:00:00,
78,Article 1,Du contenu pour mon premier article qui vient du CSV,2027-05-09 11:00:00,
79,Article 2,Du contenu pour mon second article qui vient du CSV,2027-05-09 11:00:00,2027-05-09 11:05:00
80,Article 3,Du contenu pour mon troisième article qui vient du CSV,2027-05-09 11:00:00,
81,Article 1,Du contenu pour mon premier article qui vient du CSV,2027-05-09 11:00:00,
82,Article 2,Du contenu pour mon second article qui vient du CSV,2027-05-09 11:00:00,2027-05-09 11:05:00
83,Article 3,Du contenu pour mon troisième article qui vient du CSV,2027-05-09 11:00:00,
84,Article 1,Du contenu pour mon premier article qui vient du CSV,2027-05-09 11:00:00,
85,Article 2,Du contenu pour mon second article qui vient du CSV,2027-05-09 11:00:00,2027-05-09 11:05:00
86,Article 3,Du contenu pour mon troisième article qui vient du CSV,2027-05-09 11:00:00,
87,Article 1,Du contenu pour mon premier article qui vient du CSV,2027-05-09 11:00:00,
88,Article 2,Du contenu pour mon second article qui vient du CSV,2027-05-09 11:00:00,2027-05-09 11:05:00
89,Article 3,Du contenu pour mon troisième article qui vient du CSV,2027-05-09 11:00:00,
90,Article 1,Du contenu pour mon premier article qui vient du CSV,2027-05-09 11:00:00,
91,Article 2,Du contenu pour mon second article qui vient du CSV,2027-05-09 11:00:00,2027-05-09 11:05:00
92,Article 3,Du contenu pour mon troisième article qui vient du CSV,2027-05-09 11:00:00,
93,Article 1,Du contenu pour mon premier article qui vient du CSV,2027-05-09 11:00:00,
94,Article 2,Du contenu pour mon second article qui vient du CSV,2027-05-09 11:00:00,2027-05-09 11:05:00
95,Article 3,Du contenu pour mon troisième article qui vient du CSV,2027-05-09 11:00:00,
96,Article 1,Du contenu pour mon premier article qui vient du CSV,2027-05-09 11:00:00,
97,Article 2,Du contenu pour mon second article qui vient du CSV,2027-05-09 11:00:00,2027-05-09 11:05:00
98,Article 3,Du contenu pour mon troisième article qui vient du CSV,2027-05-09 11:00:00,
99,Article 1,Du contenu pour mon premier article qui vient du CSV,2027-05-09 11:00:00,
100,Article 2,Du contenu pour mon second article qui vient du CSV,2027-05-09 11:00:00,2027-05-09 11:05:00
101,Article 3,Du contenu pour mon troisième article qui vient du CSV,2027-05-09 11:00:00,
102,Article 1,Du contenu pour mon premier article qui vient du CSV,2027-05-09 11:00:00,
103,Article 2,Du contenu pour mon second article qui vient du CSV,2027-05-09 11:00:00,2027-05-09 11:05:00
104,Article 3,Du contenu pour mon troisième article qui vient du CSV,2027-05-09 11:00:00,
105,Article 1,Du contenu pour mon premier article qui vient du CSV,2027-05-09 11:00:00,
106,Article 2,Du contenu pour mon second article qui vient du CSV,2027-05-09 11:00:00,2027-05-09 11:05:00
107,Article 3,Du contenu pour mon troisième article qui vient du CSV,2027-05-09 11:00:00,
108,Article 1,Du contenu pour mon premier article qui vient du CSV,2027-05-09 11:00:00,
109,Article 2,Du contenu pour mon second article qui vient du CSV,2027-05-09 11:00:00,2027-05-09 11:05:00
110,Article 3,Du contenu pour mon troisième article qui vient du CSV,2027-05-09 11:00:00,
111,Article 1,Du contenu pour mon premier article qui vient du CSV,2027-05-09 11:00:00,
112,Article 2,Du contenu pour mon second article qui vient du CSV,2027-05-09 11:00:00,2027-05-09 11:05:00
113,Article 3,Du contenu pour mon troisième article qui vient du CSV,2027-05-09 11:00:00,
114,Article 1,Du contenu pour mon premier article qui vient du CSV,2027-05-09 11:00:00,
115,Article 2,Du contenu pour mon second article qui vient du CSV,2027-05-09 11:00:00,2027-05-09 11:05:00
116,Article 3,Du contenu pour mon troisième article qui vient du CSV,2027-05-09 11:00:00,
117,Article 1,Du contenu pour mon premier article qui vient du CSV,2027-05-09 11:00:00,
118,Article 2,Du contenu pour mon second article qui vient du CSV,2027-05-09 11:00:00,2027-05-09 11:05:00
119,Article 3,Du contenu pour mon troisième article qui vient du CSV,2027-05-09 11:00:00,
120,Article 1,Du contenu pour mon premier article qui vient du CSV,2027-05-09 11:00:00,
121,Article 2,Du contenu pour mon second article qui vient du CSV,2027-05-09 11:00:00,2027-05-09 11:05:00
122,Article 3,Du contenu pour mon troisième article qui vient du CSV,2027-05-09 11:00:00,
123,Article 1,Du contenu pour mon premier article qui vient du CSV,2027-05-09 11:00:00,
124,Article 2,Du contenu pour mon second article qui vient du CSV,2027-05-09 11:00:00,2027-05-09 11:05:00
125,Article 3,Du contenu pour mon troisième article qui vient du CSV,2027-05-09 11:00:00,
126,Article 1,Du contenu pour mon premier article qui vient du CSV,2027-05-09 11:00:00,
127,Article 2,Du contenu pour mon second article qui vient du CSV,2027-05-09 11:00:00,2027-05-09 11:05:00
128,Article 3,Du contenu pour mon troisième article qui vient du CSV,2027-05-09 11:00:00,
129,Article 1,Du contenu pour mon premier article qui vient du CSV,2027-05-09 11:00:00,
130,Article 2,Du contenu pour mon second article qui vient du CSV,2027-05-09 11:00:00,2027-05-09 11:05:00
131,Article 3,Du contenu pour mon troisième article qui vient du CSV,2027-05-09 11:00:00,
132,Article 1,Du contenu pour mon premier article qui vient du CSV,2027-05-09 11:00:00,
133,Article 2,Du contenu pour mon second article qui vient du CSV,2027-05-09 11:00:00,2027-05-09 11:05:00
134,Article 3,Du contenu pour mon troisième article qui vient du CSV,2027-05-09 11:00:00,
135,Article 1,Du contenu pour mon premier article qui vient du CSV,2027-05-09 11:00:00,
136,Article 2,Du contenu pour mon second article qui vient du CSV,2027-05-09 11:00:00,2027-05-09 11:05:00
137,Article 3,Du contenu pour mon troisième article qui vient du CSV,2027-05-09 11:00:00,
138,Article 1,Du contenu pour mon premier article qui vient du CSV,2027-05-09 11:00:00,
139,Article 2,Du contenu pour mon second article qui vient du CSV,2027-05-09 11:00:00,2027-05-09 11:05:00
140,Article 3,Du contenu pour mon troisième article qui vient du CSV,2027-05-09 11:00:00,
141,Article 1,Du contenu pour mon premier article qui vient du CSV,2027-05-09 11:00:00,
142,Article 2,Du contenu pour mon second article qui vient du CSV,2027-05-09 11:00:00,2027-05-09 11:05:00
143,Article 3,Du contenu pour mon troisième article qui vient du CSV,2027-05-09 11:00:00,
144,Article 1,Du contenu pour mon premier article qui vient du CSV,2027-05-09 11:00:00,
145,Article 2,Du contenu pour mon second article qui vient du CSV,2027-05-09 11:00:00,2027-05-09 11:05:00
146,Article 3,Du contenu pour mon troisième article qui vient du CSV,2027-05-09 11:00:00,
147,Article 1,Du contenu pour mon premier article qui vient du CSV,2027-05-09 11:00:00,
148,Article 2,Du contenu pour mon second article qui vient du CSV,2027-05-09 11:00:00,2027-05-09 11:05:00
149,Article 3,Du contenu pour mon troisième article qui vient du CSV,2027-05-09 11:00:00,
150,Article 1,Du contenu pour mon premier article qui vient du CSV,2027-05-09 11:00:00,
151,Article 2,Du contenu pour mon second article qui vient du CSV,2027-05-09 11:00:00,2027-05-09 11:05:00
152,Article 3,Du contenu pour mon troisième article qui vient du CSV,2027-05-09 11:00:00,
153,Article 1,Du contenu pour mon premier article qui vient du CSV,2027-05-09 11:00:00,
154,Article 2,Du contenu pour mon second article qui vient du CSV,2027-05-09 11:00:00,2027-05-09 11:05:00
155,Article 3,Du contenu pour mon troisième article qui vient du CSV,2027-05-09 11:00:00,
156,Article 1,Du contenu pour mon premier article qui vient du CSV,2027-05-09 11:00:00,
157,Article 2,Du contenu pour mon second article qui vient du CSV,2027-05-09 11:00:00,2027-05-09 11:05:00
158,Article 3,Du contenu pour mon troisième article qui vient du CSV,2027-05-09 11:00:00,
159,Article 1,Du contenu pour mon premier article qui vient du CSV,2027-05-09 11:00:00,
160,Article 2,Du contenu pour mon second article qui vient du CSV,2027-05-09 11:00:00,2027-05-09 11:05:00
161,Article 3,Du contenu pour mon troisième article qui vient du CSV,2027-05-09 11:00:00,
162,Article 1,Du contenu pour mon premier article qui vient du CSV,2027-05-09 11:00:00,
163,Article 2,Du contenu pour mon second article qui vient du CSV,2027-05-09 11:00:00,2027-05-09 11:05:00
164,Article 3,Du contenu pour mon troisième article qui vient du CSV,2027-05-09 11:00:00,
165,Article 1,Du contenu pour mon premier article qui vient du CSV,2027-05-09 11:00:00,
166,Article 2,Du contenu pour mon second article qui vient du CSV,2027-05-09 11:00:00,2027-05-09 11:05:00
167,Article 3,Du contenu pour mon troisième article qui vient du CSV,2027-05-09 11:00:00,
168,Article 1,Du contenu pour mon premier article qui vient du CSV,2027-05-09 11:00:00,
169,Article 2,Du contenu pour mon second article qui vient du CSV,2027-05-09 11:00:00,2027-05-09 11:05:00
170,Article 3,Du contenu pour mon troisième article qui vient du CSV,2027-05-09 11:00:00,
171,Article 1,Du contenu pour mon premier article qui vient du CSV,2027-05-09 11:00:00,
172,Article 2,Du contenu pour mon second article qui vient du CSV,2027-05-09 11:00:00,2027-05-09 11:05:00
173,Article 3,Du contenu pour mon troisième article qui vient du CSV,2027-05-09 11:00:00,
174,Article 1,Du contenu pour mon premier article qui vient du CSV,2027-05-09 11:00:00,
175,Article 2,Du contenu pour mon second article qui vient du CSV,2027-05-09 11:00:00,2027-05-09 11:05:00
176,Article 3,Du contenu pour mon troisième article qui vient du CSV,2027-05-09 11:00:00,
177,Article 1,Du contenu pour mon premier article qui vient du CSV,2027-05-09 11:00:00,
178,Article 2,Du contenu pour mon second article qui vient du CSV,2027-05-09 11:00:00,2027-05-09 11:05:00
179,Article 3,Du contenu pour mon troisième article qui vient du CSV,2027-05-09 11:00:00,
180,Article 1,Du contenu pour mon premier article qui vient du CSV,2027-05-09 11:00:00,
181,Article 2,Du contenu pour mon second article qui vient du CSV,2027-05-09 11:00:00,2027-05-09 11:05:00
182,Article 3,Du contenu pour mon troisième article qui vient du CSV,2027-05-09 11:00:00,
