Title;Content;CreatedAt;UpdatedAt
Article 1;Du contenu pour mon premier article qui vient du CSV;2025-29-09 11:00:00;
Article 2;Du contenu pour mon second article qui vient du CSV;2025-29-09 11:00:00;2025-29-09 11:05:00
Article 3;Du contenu pour mon troisième article qui vient du CSV;2025-29-09 11:00:00;
Article 1;Du contenu pour mon premier article qui vient du CSV;2025-29-09 11:00:00;
Article 2;Du contenu pour mon second article qui vient du CSV;2025-29-09 11:00:00;2025-29-09 11:05:00
Article 3;Du contenu pour mon troisième article qui vient du CSV;2025-29-09 11:00:00;
Article 1;Du contenu pour mon premier article qui vient du CSV;2025-29-09 11:00:00;
Article 2;Du contenu pour mon second article qui vient du CSV;2025-29-09 11:00:00;2025-29-09 11:05:00
Article 3;Du contenu pour mon troisième article qui vient du CSV;2025-29-09 11:00:00;
Article 1;Du contenu pour mon premier article qui vient du CSV;2025-29-09 11:00:00;
Article 2;Du contenu pour mon second article qui vient du CSV;2025-29-09 11:00:00;2025-29-09 11:05:00
Article 3;Du contenu pour mon troisième article qui vient du CSV;2025-29-09 11:00:00;
Article 1;Du contenu pour mon premier article qui vient du CSV;2025-29-09 11:00:00;
Article 2;Du contenu pour mon second article qui vient du CSV;2025-29-09 11:00:00;2025-29-09 11:05:00
Article 3;Du contenu pour mon troisième article qui vient du CSV;2025-29-09 11:00:00;
Article 1;Du contenu pour mon premier article qui vient du CSV;2025-29-09 11:00:00;
Article 2;Du contenu pour mon second article qui vient du CSV;2025-29-09 11:00:00;2025-29-09 11:05:00
Article 3;Du contenu pour mon troisième article qui vient du CSV;2025-29-09 11:00:00;
Article 1;Du contenu pour mon premier article qui vient du CSV;2025-29-09 11:00:00;
Article 2;Du contenu pour mon second article qui vient du CSV;2025-29-09 11:00:00;2025-29-09 11:05:00
Article 3;Du contenu pour mon troisième article qui vient du CSV;2025-29-09 11:00:00;
Article 1;Du contenu pour mon premier article qui vient du CSV;2025-29-09 11:00:00;
Article 2;Du contenu pour mon second article qui vient du CSV;2025-29-09 11:00:00;2025-29-09 11:05:00
Article 3;Du contenu pour mon troisième article qui vient du CSV;2025-29-09 11:00:00;
Article 1;Du contenu pour mon premier article qui vient du CSV;2025-29-09 11:00:00;
Article 2;Du contenu pour mon second article qui vient du CSV;2025-29-09 11:00:00;2025-29-09 11:05:00
Article 3;Du contenu pour mon troisième article qui vient du CSV;2025-29-09 11:00:00;
Article 1;Du contenu pour mon premier article qui vient du CSV;2025-29-09 11:00:00;
Article 2;Du contenu pour mon second article qui vient du CSV;2025-29-09 11:00:00;2025-29-09 11:05:00
Article 3;Du contenu pour mon troisième article qui vient du CSV;2025-29-09 11:00:00;
Article 1;Du contenu pour mon premier article qui vient du CSV;2025-29-09 11:00:00;
Article 2;Du contenu pour mon second article qui vient du CSV;2025-29-09 11:00:00;2025-29-09 11:05:00
Article 3;Du contenu pour mon troisième article qui vient du CSV;2025-29-09 11:00:00;
Article 1;Du contenu pour mon premier article qui vient du CSV;2025-29-09 11:00:00;
Article 2;Du contenu pour mon second article qui vient du CSV;2025-29-09 11:00:00;2025-29-09 11:05:00
Article 3;Du contenu pour mon troisième article qui vient du CSV;2025-29-09 11:00:00;
Article 1;Du contenu pour mon premier article qui vient du CSV;2025-29-09 11:00:00;
Article 2;Du contenu pour mon second article qui vient du CSV;2025-29-09 11:00:00;2025-29-09 11:05:00
Article 3;Du contenu pour mon troisième article qui vient du CSV;2025-29-09 11:00:00;
Article 1;Du contenu pour mon premier article qui vient du CSV;2025-29-09 11:00:00;
Article 2;Du contenu pour mon second article qui vient du CSV;2025-29-09 11:00:00;2025-29-09 11:05:00
Article 3;Du contenu pour mon troisième article qui vient du CSV;2025-29-09 11:00:00;
Article 1;Du contenu pour mon premier article qui vient du CSV;2025-29-09 11:00:00;
Article 2;Du contenu pour mon second article qui vient du CSV;2025-29-09 11:00:00;2025-29-09 11:05:00
Article 3;Du contenu pour mon troisième article qui vient du CSV;2025-29-09 11:00:00;
Article 1;Du contenu pour mon premier article qui vient du CSV;2025-29-09 11:00:00;
Article 2;Du contenu pour mon second article qui vient du CSV;2025-29-09 11:00:00;2025-29-09 11:05:00
Article 3;Du contenu pour mon troisième article qui vient du CSV;2025-29-09 11:00:00;
Article 1;Du contenu pour mon premier article qui vient du CSV;2025-29-09 11:00:00;
Article 2;Du contenu pour mon second article qui vient du CSV;2025-29-09 11:00:00;2025-29-09 11:05:00
Article 3;Du contenu pour mon troisième article qui vient du CSV;2025-29-09 11:00:00;
Article 1;Du contenu pour mon premier article qui vient du CSV;2025-29-09 11:00:00;
Article 2;Du contenu pour mon second article qui vient du CSV;2025-29-09 11:00:00;2025-29-09 11:05:00
Article 3;Du contenu pour mon troisième article qui vient du CSV;2025-29-09 11:00:00;
Article 1;Du contenu pour mon premier article qui vient du CSV;2025-29-09 11:00:00;
Article 2;Du contenu pour mon second article qui vient du CSV;2025-29-09 11:00:00;2025-29-09 11:05:00
Article 3;Du contenu pour mon troisième article qui vient du CSV;2025-29-09 11:00:00;
Article 1;Du contenu pour mon premier article qui vient du CSV;2025-29-09 11:00:00;
Article 2;Du contenu pour mon second article qui vient du CSV;2025-29-09 11:00:00;2025-29-09 11:05:00
Article 3;Du contenu pour mon troisième article qui vient du CSV;2025-29-09 11:00:00;
Article 1;Du contenu pour mon premier article qui vient du CSV;2025-29-09 11:00:00;
Article 2;Du contenu pour mon second article qui vient du CSV;2025-29-09 11:00:00;2025-29-09 11:05:00
Article 3;Du contenu pour mon troisième article qui vient du CSV;2025-29-09 11:00:00;
Article 1;Du contenu pour mon premier article qui vient du CSV;2025-29-09 11:00:00;
Article 2;Du contenu pour mon second article qui vient du CSV;2025-29-09 11:00:00;2025-29-09 11:05:00
Article 3;Du contenu pour mon troisième article qui vient du CSV;2025-29-09 11:00:00;
Article 1;Du contenu pour mon premier article qui vient du CSV;2025-29-09 11:00:00;
Article 2;Du contenu pour mon second article qui vient du CSV;2025-29-09 11:00:00;2025-29-09 11:05:00
Article 3;Du contenu pour mon troisième article qui vient du CSV;2025-29-09 11:00:00;
Article 1;Du contenu pour mon premier article qui vient du CSV;2025-29-09 11:00:00;
Article 2;Du contenu pour mon second article qui vient du CSV;2025-29-09 11:00:00;2025-29-09 11:05:00
Article 3;Du contenu pour mon troisième article qui vient du CSV;2025-29-09 11:00:00;
Article 1;Du contenu pour mon premier article qui vient du CSV;2025-29-09 11:00:00;
Article 2;Du contenu pour mon second article qui vient du CSV;2025-29-09 11:00:00;2025-29-09 11:05:00
Article 3;Du contenu pour mon troisième article qui vient du CSV;2025-29-09 11:00:00;
Article 1;Du contenu pour mon premier article qui vient du CSV;2025-29-09 11:00:00;
Article 2;Du contenu pour mon second article qui vient du CSV;2025-29-09 11:00:00;2025-29-09 11:05:00
Article 3;Du contenu pour mon troisième article qui vient du CSV;2025-29-09 11:00:00;
Article 1;Du contenu pour mon premier article qui vient du CSV;2025-29-09 11:00:00;
Article 2;Du contenu pour mon second article qui vient du CSV;2025-29-09 11:00:00;2025-29-09 11:05:00
Article 3;Du contenu pour mon troisième article qui vient du CSV;2025-29-09 11:00:00;
Article 1;Du contenu pour mon premier article qui vient du CSV;2025-29-09 11:00:00;
Article 2;Du contenu pour mon second article qui vient du CSV;2025-29-09 11:00:00;2025-29-09 11:05:00
Article 3;Du contenu pour mon troisième article qui vient du CSV;2025-29-09 11:00:00;
Article 1;Du contenu pour mon premier article qui vient du CSV;2025-29-09 11:00:00;
Article 2;Du contenu pour mon second article qui vient du CSV;2025-29-09 11:00:00;2025-29-09 11:05:00
Article 3;Du contenu pour mon troisième article qui vient du CSV;2025-29-09 11:00:00;
Article 1;Du contenu pour mon premier article qui vient du CSV;2025-29-09 11:00:00;
Article 2;Du contenu pour mon second article qui vient du CSV;2025-29-09 11:00:00;2025-29-09 11:05:00
Article 3;Du contenu pour mon troisième article qui vient du CSV;2025-29-09 11:00:00;
